Workbook

Sheet INSTRUÇÕES
B2: Cronograma físico-financeiro de obra — modelo AI.arq
B4: Você preenche 3 coisas
B5: 1. Na aba FÍSICO: o percentual de avanço previsto de cada disciplina, mês a mês. A coluna de verificação mostra se a linha fecha 100%.
B6: 2. Na aba FINANCEIRO: o valor total de cada disciplina (vem do seu orçamento).
B7: 3. Só isso. O desembolso mensal, o acumulado e a curva S se calculam sozinhos, distribuindo o valor conforme o avanço físico que você lançou.
B9: Sobre a curva S
B10: A curva S é a linha do desembolso ACUMULADO ao longo do tempo — está na linha "% acumulado" da aba FINANCEIRO. Selecione essa linha e insira um gráfico de linhas para visualizá-la.
B12: Aviso
B13: Este modelo NÃO calcula o valor da obra. Ele distribui no tempo um valor que você já tem. Quem apura custo e preço é o orçamentista habilitado.

Sheet FÍSICO
A1: AVANÇO FÍSICO PREVISTO (% por mês)
A2: Preencha em %. A última coluna avisa se a linha fecha 100%.
A3: DISCIPLINA | B3: M1 | C3: M2 | D3: M3 | E3: M4 | F3: M5 | G3: M6 | H3: M7 | I3: M8 | J3: M9 | K3: M10 | L3: M11 | M3: M12 | N3: M13 | O3: M14 | P3: M15 | Q3: M16 | R3: M17 | S3: M18 | T3: SOMA
A4: Serviços preliminares | T4: =IF(SUM(B4:S4)=0,"",SUM(B4:S4))
A5: Movimento de terra | T5: =IF(SUM(B5:S5)=0,"",SUM(B5:S5))
A6: Fundações | T6: =IF(SUM(B6:S6)=0,"",SUM(B6:S6))
A7: Estrutura | T7: =IF(SUM(B7:S7)=0,"",SUM(B7:S7))
A8: Vedações verticais | T8: =IF(SUM(B8:S8)=0,"",SUM(B8:S8))
A9: Cobertura | T9: =IF(SUM(B9:S9)=0,"",SUM(B9:S9))
A10: Impermeabilizações | T10: =IF(SUM(B10:S10)=0,"",SUM(B10:S10))
A11: Esquadrias | T11: =IF(SUM(B11:S11)=0,"",SUM(B11:S11))
A12: Vidros e ferragens | T12: =IF(SUM(B12:S12)=0,"",SUM(B12:S12))
A13: Revest. internos | T13: =IF(SUM(B13:S13)=0,"",SUM(B13:S13))
A14: Revest. externos | T14: =IF(SUM(B14:S14)=0,"",SUM(B14:S14))
A15: Forros | T15: =IF(SUM(B15:S15)=0,"",SUM(B15:S15))
... A21: Complementares e limpeza | T21: =IF(SUM(B21:S21)=0,"",SUM(B21:S21))

Sheet FINANCEIRO
A1: DESEMBOLSO POR MÊS (calculado)
A2: Preencha só a coluna VALOR TOTAL. O resto é fórmula.
A3: DISCIPLINA | B3: VALOR TOTAL (R$) | C3: M1 | D3: M2 | E3: M3 | F3: M4 | G3: M5 | H3: M6 | I3: M7 | J3: M8 | K3: M9 | L3: M10 | M3: M11 | N3: M12 | O3: M13 | P3: M14 | Q3: M15 | R3: M16 | S3: M17 | T3: M18
A4: Serviços preliminares | C4: =IF($B4="","",$B4*FÍSICO!B4) | D4: =IF($B4="","",$B4*FÍSICO!C4) | E4: =IF($B4="","",$B4*FÍSICO!D4) | F4: =IF($B4="","",$B4*FÍSICO!E4) | G4: =IF($B4="","",$B4*FÍSICO!F4) | H4: =IF($B4="","",$B4*FÍSICO!G4) | I4: =IF($B4="","",$B4*FÍSICO!H4) | J4: =IF($B4="","",$B4*FÍSICO!I4) | ... T4: =IF($B4="","",$B4*FÍSICO!S4)
A5: Movimento de terra | C5: =IF($B5="","",$B5*FÍSICO!B5) | D5: =IF($B5="","",$B5*FÍSICO!C5) | E5: =IF($B5="","",$B5*FÍSICO!D5) | F5: =IF($B5="","",$B5*FÍSICO!E5) | G5: =IF($B5="","",$B5*FÍSICO!F5) | H5: =IF($B5="","",$B5*FÍSICO!G5) | I5: =IF($B5="","",$B5*FÍSICO!H5) | J5: =IF($B5="","",$B5*FÍSICO!I5) | ... T5: =IF($B5="","",$B5*FÍSICO!S5)
A6: Fundações | C6: =IF($B6="","",$B6*FÍSICO!B6) | D6: =IF($B6="","",$B6*FÍSICO!C6) | E6: =IF($B6="","",$B6*FÍSICO!D6) | F6: =IF($B6="","",$B6*FÍSICO!E6) | G6: =IF($B6="","",$B6*FÍSICO!F6) | H6: =IF($B6="","",$B6*FÍSICO!G6) | I6: =IF($B6="","",$B6*FÍSICO!H6) | J6: =IF($B6="","",$B6*FÍSICO!I6) | ... T6: =IF($B6="","",$B6*FÍSICO!S6)
A7: Estrutura | C7: =IF($B7="","",$B7*FÍSICO!B7) | D7: =IF($B7="","",$B7*FÍSICO!C7) | E7: =IF($B7="","",$B7*FÍSICO!D7) | F7: =IF($B7="","",$B7*FÍSICO!E7) | G7: =IF($B7="","",$B7*FÍSICO!F7) | H7: =IF($B7="","",$B7*FÍSICO!G7) | I7: =IF($B7="","",$B7*FÍSICO!H7) | J7: =IF($B7="","",$B7*FÍSICO!I7) | ... T7: =IF($B7="","",$B7*FÍSICO!S7)
A8: Vedações verticais | C8: =IF($B8="","",$B8*FÍSICO!B8) | D8: =IF($B8="","",$B8*FÍSICO!C8) | E8: =IF($B8="","",$B8*FÍSICO!D8) | F8: =IF($B8="","",$B8*FÍSICO!E8) | G8: =IF($B8="","",$B8*FÍSICO!F8) | H8: =IF($B8="","",$B8*FÍSICO!G8) | I8: =IF($B8="","",$B8*FÍSICO!H8) | J8: =IF($B8="","",$B8*FÍSICO!I8) | ... T8: =IF($B8="","",$B8*FÍSICO!S8)
A9: Cobertura | C9: =IF($B9="","",$B9*FÍSICO!B9) | D9: =IF($B9="","",$B9*FÍSICO!C9) | E9: =IF($B9="","",$B9*FÍSICO!D9) | F9: =IF($B9="","",$B9*FÍSICO!E9) | G9: =IF($B9="","",$B9*FÍSICO!F9) | H9: =IF($B9="","",$B9*FÍSICO!G9) | I9: =IF($B9="","",$B9*FÍSICO!H9) | J9: =IF($B9="","",$B9*FÍSICO!I9) | ... T9: =IF($B9="","",$B9*FÍSICO!S9)
A10: Impermeabilizações | C10: =IF($B10="","",$B10*FÍSICO!B10) | D10: =IF($B10="","",$B10*FÍSICO!C10) | E10: =IF($B10="","",$B10*FÍSICO!D10) | F10: =IF($B10="","",$B10*FÍSICO!E10) | G10: =IF($B10="","",$B10*FÍSICO!F10) | H10: =IF($B10="","",$B10*FÍSICO!G10) | I10: =IF($B10="","",$B10*FÍSICO!H10) | J10: =IF($B10="","",$B10*FÍSICO!I10) | ... T10: =IF($B10="","",$B10*FÍSICO!S10)
A11: Esquadrias | C11: =IF($B11="","",$B11*FÍSICO!B11) | D11: =IF($B11="","",$B11*FÍSICO!C11) | E11: =IF($B11="","",$B11*FÍSICO!D11) | F11: =IF($B11="","",$B11*FÍSICO!E11) | G11: =IF($B11="","",$B11*FÍSICO!F11) | H11: =IF($B11="","",$B11*FÍSICO!G11) | I11: =IF($B11="","",$B11*FÍSICO!H11) | J11: =IF($B11="","",$B11*FÍSICO!I11) | ... T11: =IF($B11="","",$B11*FÍSICO!S11)
A12: Vidros e ferragens | C12: =IF($B12="","",$B12*FÍSICO!B12) | D12: =IF($B12="","",$B12*FÍSICO!C12) | E12: =IF($B12="","",$B12*FÍSICO!D12) | F12: =IF($B12="","",$B12*FÍSICO!E12) | G12: =IF($B12="","",$B12*FÍSICO!F12) | H12: =IF($B12="","",$B12*FÍSICO!G12) | I12: =IF($B12="","",$B12*FÍSICO!H12) | J12: =IF($B12="","",$B12*FÍSICO!I12) | ... T12: =IF($B12="","",$B12*FÍSICO!S12)
A13: Revest. internos | C13: =IF($B13="","",$B13*FÍSICO!B13) | D13: =IF($B13="","",$B13*FÍSICO!C13) | E13: =IF($B13="","",$B13*FÍSICO!D13) | F13: =IF($B13="","",$B13*FÍSICO!E13) | G13: =IF($B13="","",$B13*FÍSICO!F13) | H13: =IF($B13="","",$B13*FÍSICO!G13) | I13: =IF($B13="","",$B13*FÍSICO!H13) | J13: =IF($B13="","",$B13*FÍSICO!I13) | ... T13: =IF($B13="","",$B13*FÍSICO!S13)
A14: Revest. externos | C14: =IF($B14="","",$B14*FÍSICO!B14) | D14: =IF($B14="","",$B14*FÍSICO!C14) | E14: =IF($B14="","",$B14*FÍSICO!D14) | F14: =IF($B14="","",$B14*FÍSICO!E14) | G14: =IF($B14="","",$B14*FÍSICO!F14) | H14: =IF($B14="","",$B14*FÍSICO!G14) | I14: =IF($B14="","",$B14*FÍSICO!H14) | J14: =IF($B14="","",$B14*FÍSICO!I14) | ... T14: =IF($B14="","",$B14*FÍSICO!S14)
A15: Forros | C15: =IF($B15="","",$B15*FÍSICO!B15) | D15: =IF($B15="","",$B15*FÍSICO!C15) | E15: =IF($B15="","",$B15*FÍSICO!D15) | F15: =IF($B15="","",$B15*FÍSICO!E15) | G15: =IF($B15="","",$B15*FÍSICO!F15) | H15: =IF($B15="","",$B15*FÍSICO!G15) | I15: =IF($B15="","",$B15*FÍSICO!H15) | J15: =IF($B15="","",$B15*FÍSICO!I15) | ... T15: =IF($B15="","",$B15*FÍSICO!S15)
... A21: Complementares e limpeza | C21: =IF($B21="","",$B21*FÍSICO!B21) | D21: =IF($B21="","",$B21*FÍSICO!C21) | E21: =IF($B21="","",$B21*FÍSICO!D21) | F21: =IF($B21="","",$B21*FÍSICO!E21) | G21: =IF($B21="","",$B21*FÍSICO!F21) | H21: =IF($B21="","",$B21*FÍSICO!G21) | I21: =IF($B21="","",$B21*FÍSICO!H21) | J21: =IF($B21="","",$B21*FÍSICO!I21) | ... T21: =IF($B21="","",$B21*FÍSICO!S21)
A22: DESEMBOLSO DO MÊS | B22: =SUM(B4:B21) | C22: =SUM(C4:C21) | D22: =SUM(D4:D21) | E22: =SUM(E4:E21) | F22: =SUM(F4:F21) | G22: =SUM(G4:G21) | H22: =SUM(H4:H21) | I22: =SUM(I4:I21) | ... T22: =SUM(T4:T21)
A23: ACUMULADO | C23: =C22 | D23: =C23+D22 | E23: =D23+E22 | F23: =E23+F22 | G23: =F23+G22 | H23: =G23+H22 | I23: =H23+I22 | J23: =I23+J22 | K23: =J23+K22 | ... T23: =S23+T22
A24: % ACUMULADO (curva S) | C24: =IF($B22=0,"",C23/$B22) | D24: =IF($B22=0,"",D23/$B22) | E24: =IF($B22=0,"",E23/$B22) | F24: =IF($B22=0,"",F23/$B22) | G24: =IF($B22=0,"",G23/$B22) | H24: =IF($B22=0,"",H23/$B22) | I24: =IF($B22=0,"",I23/$B22) | J24: =IF($B22=0,"",J23/$B22) | ... T24: =IF($B22=0,"",T23/$B22)
A26: Selecione a linha "% ACUMULADO" e insira um gráfico de linhas: é a curva S da obra.
